variant,model_variant,tokens,batch,parameters,scope,delta_scan_backend,p50_ms,p95_ms,mean_ms,min_ms,max_ms,tokens_per_second_p50
MHA,MHA,64,8,1337728,full GPT cached prefill,not applicable (SDPA/MLA only),2.0930559635162354,2.3003424406051636,2.1293531145368303,2.0295679569244385,2.3210880756378174,244618.39956723573
MHA,MHA,256,8,1337728,full GPT cached prefill,not applicable (SDPA/MLA only),2.1175999641418457,2.257062315940857,2.1239496639796664,2.0336639881134033,2.2994558811187744,967132.6193235695
MHA,MHA,1024,8,1337728,full GPT cached prefill,not applicable (SDPA/MLA only),6.215616226196289,6.230083179473876,6.21099887575422,6.185023784637451,6.234528064727783,1317970.688967903
MHA,MHA,4096,8,1337728,full GPT cached prefill,not applicable (SDPA/MLA only),28.043296813964844,28.40403575897217,26.784534999302455,23.902912139892578,28.497472763061523,1168478.8781211479
GQA,GQA,64,8,1272192,full GPT cached prefill,not applicable (SDPA/MLA only),6.664447784423828,10.502470302581784,7.541773659842355,5.83673620223999,11.357503890991211,76825.57003397164
GQA,GQA,256,8,1272192,full GPT cached prefill,not applicable (SDPA/MLA only),5.551328182220459,5.751187276840209,5.533398832593646,5.115935802459717,5.765376091003418,368920.72181198746
GQA,GQA,1024,8,1272192,full GPT cached prefill,not applicable (SDPA/MLA only),33.45817565917969,33.58968811035156,33.38352530343192,33.14316940307617,33.593345642089844,244842.99692390484
GQA,GQA,4096,8,1272192,full GPT cached prefill,not applicable (SDPA/MLA only),477.4839782714844,481.5359252929687,478.32884434291293,475.3469543457031,481.617919921875,68626.3864153553
MQA,MQA,64,8,1239424,full GPT cached prefill,not applicable (SDPA/MLA only),3.5493760108947754,3.829267168045044,3.604370253426688,3.422208070755005,3.8502719402313232,144250.70728725864
MQA,MQA,256,8,1239424,full GPT cached prefill,not applicable (SDPA/MLA only),3.546112060546875,4.702003264427184,3.7717805930546353,3.440351963043213,5.148672103881836,577533.9202574893
MQA,MQA,1024,8,1239424,full GPT cached prefill,not applicable (SDPA/MLA only),33.08544158935547,33.38586654663086,33.16800962175642,33.00822448730469,33.40083312988281,247601.349913238
MQA,MQA,4096,8,1239424,full GPT cached prefill,not applicable (SDPA/MLA only),488.5381164550781,489.03973388671875,488.5695582798549,487.9544677734375,489.0870666503906,67073.57910529192
MLA-style,MLA,64,8,1256064,full GPT cached prefill,not applicable (SDPA/MLA only),2.295520067214966,2.4446335554122927,2.3255039964403426,2.266655921936035,2.472991943359375,223043.13837743216
MLA-style,MLA,256,8,1256064,full GPT cached prefill,not applicable (SDPA/MLA only),2.3696320056915283,2.4706399917602537,2.3664960180010115,2.266688108444214,2.4907519817352295,864269.2177861319
MLA-style,MLA,1024,8,1256064,full GPT cached prefill,not applicable (SDPA/MLA only),3.646944046020508,3.8671648025512697,3.6158948625837053,3.397631883621216,3.8895039558410645,2246264.2411360797
MLA-style,MLA,4096,8,1256064,full GPT cached prefill,not applicable (SDPA/MLA only),26.203840255737305,26.676493453979493,26.2684941973005,26.048320770263672,26.77654457092285,1250503.730758528
GDN,GDN,64,8,1414048,full GPT cached prefill,FLA chunkwise,9.654303550720215,9.894217491149902,9.727963311331612,9.621503829956055,9.926655769348145,53033.343866819334
GDN,GDN,256,8,1414048,full GPT cached prefill,FLA chunkwise,9.90988826751709,10.468220806121826,10.040644645690918,9.763360023498535,10.528863906860352,206662.26951448
GDN,GDN,1024,8,1414048,full GPT cached prefill,FLA chunkwise,14.50598430633545,14.607603263854982,14.510217121669225,14.374591827392578,14.612480163574219,564732.4460720784
GDN,GDN,4096,8,1414048,full GPT cached prefill,FLA chunkwise,56.043521881103516,56.41535606384278,56.020237513950896,55.72195053100586,56.49433517456055,584688.4510491221
KDA,KDA,64,8,1412496,full GPT cached prefill,FLA chunkwise,11.657088279724121,15.072611427307125,12.380251475742885,11.530240058898926,16.22368049621582,43921.77426420906
KDA,KDA,256,8,1412496,full GPT cached prefill,FLA chunkwise,11.77344036102295,12.014927768707274,11.765805789402553,11.540575981140137,12.061727523803711,173950.85354830447
KDA,KDA,1024,8,1412496,full GPT cached prefill,FLA chunkwise,12.779295921325684,12.96896343231201,12.735245840890068,12.387552261352539,13.032928466796875,641036.8810952605
KDA,KDA,4096,8,1412496,full GPT cached prefill,FLA chunkwise,49.60255813598633,50.12014312744141,49.51315580095564,48.80815887451172,50.293663024902344,660611.0900604344
GDN + gated MHA,GDN_HYBRID,64,8,1411352,full GPT cached prefill,FLA chunkwise,7.778207778930664,7.995728302001953,7.823053768702915,7.702176094055176,8.049728393554688,65824.93224041759
GDN + gated MHA,GDN_HYBRID,256,8,1411352,full GPT cached prefill,FLA chunkwise,7.984384059906006,8.267075157165527,8.027510847364153,7.793087959289551,8.312416076660156,256500.68742110452
GDN + gated MHA,GDN_HYBRID,1024,8,1411352,full GPT cached prefill,FLA chunkwise,12.550592422485352,12.621686267852784,12.56256457737514,12.508255958557129,12.631487846374512,652718.192435554
GDN + gated MHA,GDN_HYBRID,4096,8,1411352,full GPT cached prefill,FLA chunkwise,48.548641204833984,48.77696304321289,48.57590866088867,48.41471862792969,48.82863998413086,674951.9489484145
KDA + MLA,KDA_HYBRID,64,8,1373388,full GPT cached prefill,FLA chunkwise,15.817855834960938,17.615801048278808,15.576973506382533,12.8755521774292,18.18396759033203,32368.483146013223
KDA + MLA,KDA_HYBRID,256,8,1373388,full GPT cached prefill,FLA chunkwise,14.720959663391113,15.504674911499023,14.86870847429548,14.401535987854004,15.630751609802246,139121.36483147077
KDA + MLA,KDA_HYBRID,1024,8,1373388,full GPT cached prefill,FLA chunkwise,16.98758316040039,17.1032772064209,16.838208062308176,16.307424545288086,17.139680862426758,482234.5782004059
KDA + MLA,KDA_HYBRID,4096,8,1373388,full GPT cached prefill,FLA chunkwise,43.78044891357422,44.187818145751955,43.81584875924246,43.37839889526367,44.23177719116211,748461.9462145399
K3: KDA + gated MLA,KDA_GATED_MLA_HYBRID,64,8,1389772,full GPT cached prefill,FLA chunkwise,9.232704162597656,9.491014575958252,9.287145205906459,9.183232307434082,9.54684829711914,55455.042312971374
K3: KDA + gated MLA,KDA_GATED_MLA_HYBRID,256,8,1389772,full GPT cached prefill,FLA chunkwise,9.381471633911133,9.688268852233886,9.380621773856026,9.218751907348633,9.81606388092041,218302.63735991166
K3: KDA + gated MLA,KDA_GATED_MLA_HYBRID,1024,8,1389772,full GPT cached prefill,FLA chunkwise,11.168767929077148,13.032319927215573,11.54229041508266,11.075584411621094,13.786687850952148,733473.9204915047
K3: KDA + gated MLA,KDA_GATED_MLA_HYBRID,4096,8,1389772,full GPT cached prefill,FLA chunkwise,44.36608123779297,44.585942077636716,44.31130599975586,43.722625732421875,44.6214714050293,738582.2476492872
